scrape_date,title,url,source_page,department,location,time_type,posted,requisition_id,scrape_time,scrape_day
2025-03-14,"Assistant Dean, Chicano Latino Student Affairs (12-month, Onsite)",https://theclaremontcolleges.wd1.myworkdayjobs.com/en-US/TCCS_Careers/job/Claremont/Assistant-Dean--Chicano-Latino-Student-Affairs--12-month--Onsite-_REQ-7157,https://theclaremontcolleges.wd1.myworkdayjobs.com/TCCS_Careers,TCCS,,,,,09:22:55,Fri
2025-03-14,Campus Safety Dispatcher (Onsite; 4/10 Schedule),https://theclaremontcolleges.wd1.myworkdayjobs.com/en-US/TCCS_Careers/job/Claremont/Campus-Safety-Dispatcher--Onsite--4-10-Schedule-_REQ-7158,https://theclaremontcolleges.wd1.myworkdayjobs.com/TCCS_Careers,TCCS,,,,,09:23:08,Fri
2025-03-14,Network Engineer,https://theclaremontcolleges.wd1.myworkdayjobs.com/en-US/TCCS_Careers/job/Claremont/Network-Engineer_REQ-7133,https://theclaremontcolleges.wd1.myworkdayjobs.com/TCCS_Careers,TCCS,,,,,09:23:20,Fri
2025-03-14,Acquisitions Associate,https://theclaremontcolleges.wd1.myworkdayjobs.com/en-US/TCCS_Careers/job/Claremont/Acquisitions-Associate_REQ-7137,https://theclaremontcolleges.wd1.myworkdayjobs.com/TCCS_Careers,TCCS,,,,,09:23:32,Fri
2025-03-14,"Campus Safety Officer (Onsite, 4/10)",https://theclaremontcolleges.wd1.myworkdayjobs.com/en-US/TCCS_Careers/job/Claremont/Campus-Safety-Officer--Onsite--4-10-_REQ-7138-1,https://theclaremontcolleges.wd1.myworkdayjobs.com/TCCS_Careers,TCCS,,,,,09:23:44,Fri
2025-03-14,Building Automation Systems Specialist,https://theclaremontcolleges.wd1.myworkdayjobs.com/en-US/TCCS_Careers/job/Claremont/TCCS---Building-Automation-Systems-Specialist_REQ-7123,https://theclaremontcolleges.wd1.myworkdayjobs.com/TCCS_Careers,TCCS,,,,,09:23:56,Fri
2025-03-14,"Staff Physician (9-Months, Full-Time)",https://theclaremontcolleges.wd1.myworkdayjobs.com/en-US/TCCS_Careers/job/Claremont/Staff-Physician--9-Months--Full-Time-_REQ-7035,https://theclaremontcolleges.wd1.myworkdayjobs.com/TCCS_Careers,TCCS,,,,,09:24:09,Fri
2025-03-14,Building Automation Systems Supervisor,https://theclaremontcolleges.wd1.myworkdayjobs.com/en-US/TCCS_Careers/job/Claremont/Building-Automation-Systems-Supervisor_REQ-7031,https://theclaremontcolleges.wd1.myworkdayjobs.com/TCCS_Careers,TCCS,,,,,09:24:21,Fri
2025-03-14,Locksmith,https://theclaremontcolleges.wd1.myworkdayjobs.com/en-US/TCCS_Careers/job/Claremont/Locksmith_REQ-6993,https://theclaremontcolleges.wd1.myworkdayjobs.com/TCCS_Careers,TCCS,,,,,09:24:33,Fri
2025-03-14,Head of Information Literacy & Student Engagement,https://theclaremontcolleges.wd1.myworkdayjobs.com/en-US/TCCS_Careers/job/Claremont/Head-of-Information-Literacy---Student-Engagement_REQ-6918,https://theclaremontcolleges.wd1.myworkdayjobs.com/TCCS_Careers,TCCS,,,,,09:24:45,Fri
2025-03-14,"Staff Psychologist or Therapist (Emphasis in Supporting Asian American Students, 10-month Position)",https://theclaremontcolleges.wd1.myworkdayjobs.com/en-US/TCCS_Careers/job/Claremont/Staff-Psychologist-or-Therapist--Emphasis-in-Supporting-Asian-American-Students--10-month-Position-_REQ-6809,https://theclaremontcolleges.wd1.myworkdayjobs.com/TCCS_Careers,TCCS,,,,,09:24:57,Fri
2025-03-14,CGU-Assistant Vice President of Finance,https://theclaremontcolleges.wd1.myworkdayjobs.com/en-US/CGU_Careers/job/Harper-Hall---LC20601/CGU-Assistant-Vice-President-of-Finance_REQ-7126,https://theclaremontcolleges.wd1.myworkdayjobs.com/en-US/CGU_Careers,CGU,Harper Hall - LC20601,Full time,Posted 24 Days Ago,REQ-7126,09:25:00,Fri
2025-03-14,CGU-Special Education Coordinator,https://theclaremontcolleges.wd1.myworkdayjobs.com/en-US/CGU_Careers/job/Harper-Hall---LC20601/CGU-Special-Education-Coordinator_REQ-7074,https://theclaremontcolleges.wd1.myworkdayjobs.com/en-US/CGU_Careers,CGU,Harper Hall - LC20601,Full time,Posted 30+ Days Ago,REQ-7074,09:25:00,Fri
2025-03-14,CGU-Senior Financial Aid Counselor,https://theclaremontcolleges.wd1.myworkdayjobs.com/en-US/CGU_Careers/job/Harper-Hall---LC20601/CGU-Senior-Financial-Aid-Counselor_REQ-7057,https://theclaremontcolleges.wd1.myworkdayjobs.com/en-US/CGU_Careers,CGU,Harper Hall - LC20601,Full time,Posted 30+ Days Ago,REQ-7057,09:25:00,Fri
2025-03-14,CGU- Financial Aid Specialist II,https://theclaremontcolleges.wd1.myworkdayjobs.com/en-US/CGU_Careers/job/Harper-Hall---LC20601/CGU--Financial-Aid-Specialist-II_REQ-6916,https://theclaremontcolleges.wd1.myworkdayjobs.com/en-US/CGU_Careers,CGU,Harper Hall - LC20601,Full time,Posted 30+ Days Ago,REQ-6916,09:25:00,Fri
2025-03-14,Dining Services Utility Attendant,https://theclaremontcolleges.wd1.myworkdayjobs.com/en-US/HMC_Careers/job/Hoch-Shanahan-Dining-Commons/Dining-Services-Utility-Attendant_REQ-7149,https://theclaremontcolleges.wd1.myworkdayjobs.com/HMC_Careers,HMC,Hoch-Shanahan Dining Commons,,Posted 9 Days Ago,REQ-7149,09:25:05,Fri
2025-03-14,Executive Assistant to the Vice President for Advancement,https://theclaremontcolleges.wd1.myworkdayjobs.com/en-US/HMC_Careers/job/Kingston-Hall/Executive-Assistant-to-the-Vice-President-for-Advancement_REQ-6839,https://theclaremontcolleges.wd1.myworkdayjobs.com/HMC_Careers,HMC,Kingston Hall,,Posted 10 Days Ago,REQ-6839,09:25:08,Fri
2025-03-14,Facilities Maintenance Lead,https://theclaremontcolleges.wd1.myworkdayjobs.com/en-US/HMC_Careers/job/Platt-Campus-Center/Facilities-Maintenance-Lead_REQ-7101,https://theclaremontcolleges.wd1.myworkdayjobs.com/HMC_Careers,HMC,Platt Campus Center,,Posted 28 Days Ago,REQ-7101,09:25:11,Fri
2025-03-14,Director of Foundation Relations,https://theclaremontcolleges.wd1.myworkdayjobs.com/en-US/HMC_Careers/job/Kingston-Hall/Director-of-Foundation-Relations_REQ-6718,https://theclaremontcolleges.wd1.myworkdayjobs.com/HMC_Careers,HMC,Kingston Hall,,Posted 30+ Days Ago,REQ-6718,09:25:15,Fri
2025-03-14,Infrastructure and Systems Specialist,https://theclaremontcolleges.wd1.myworkdayjobs.com/en-US/HMC_Careers/job/Sprague-Center/Infrastructure-and-Systems-Specialist_REQ-7016,https://theclaremontcolleges.wd1.myworkdayjobs.com/HMC_Careers,HMC,Sprague Center,,Posted 30+ Days Ago,REQ-7016,09:25:18,Fri
2025-03-14,Safety Operations Specialist,https://theclaremontcolleges.wd1.myworkdayjobs.com/en-US/SCR_Career_Staff/job/Vita-Nova-Hall/Safety-Operations-Specialist_REQ-7147,https://theclaremontcolleges.wd1.myworkdayjobs.com/SCR_Career_Staff,SCR_Career,Vita Nova Hall,Full time,Posted 2 Days Ago,REQ-7147,09:25:19,Fri
2025-03-14,Kitchen Support Staff,https://theclaremontcolleges.wd1.myworkdayjobs.com/en-US/SCR_Career_Staff/job/Malott-Kitchens---LC32009/Kitchen-Support-Staff_REQ-7153,https://theclaremontcolleges.wd1.myworkdayjobs.com/SCR_Career_Staff,SCR_Career,Malott Kitchens - LC32009,Full time,Posted 9 Days Ago,REQ-7153,09:25:19,Fri
2025-03-14,Post Bac Office Assistant,https://theclaremontcolleges.wd1.myworkdayjobs.com/en-US/SCR_Career_Staff/job/Vita-Nova-Hall/Post-Bac-Office-Assistant_REQ-7118,https://theclaremontcolleges.wd1.myworkdayjobs.com/SCR_Career_Staff,SCR_Career,Vita Nova Hall,Part time,Posted 18 Days Ago,REQ-7118,09:25:19,Fri
2025-03-14,Title IX & Civil Rights Coordinator,https://theclaremontcolleges.wd1.myworkdayjobs.com/en-US/SCR_Career_Staff/job/McAlister-Center---LC34005/Title-IX---Civil-Rights-Coordinator_REQ-6731,https://theclaremontcolleges.wd1.myworkdayjobs.com/SCR_Career_Staff,SCR_Career,McAlister Center - LC34005,Full time,Posted 24 Days Ago,REQ-6731,09:25:19,Fri
2025-03-14,Assistant to the Vice President,https://theclaremontcolleges.wd1.myworkdayjobs.com/en-US/SCR_Career_Staff/job/Steele-Hall/Assistant-to-the-Vice-President_REQ-7115-1,https://theclaremontcolleges.wd1.myworkdayjobs.com/SCR_Career_Staff,SCR_Career,Steele Hall,Full time,Posted 28 Days Ago,REQ-7115,09:25:19,Fri
2025-03-14,Operations Manager,https://theclaremontcolleges.wd1.myworkdayjobs.com/en-US/SCR_Career_Staff/job/Steele-Hall/Operations-Manager_REQ-7116,https://theclaremontcolleges.wd1.myworkdayjobs.com/SCR_Career_Staff,SCR_Career,Steele Hall,Full time,Posted 28 Days Ago,REQ-7116,09:25:19,Fri
2025-03-14,Facilities Systems Coordinator,https://theclaremontcolleges.wd1.myworkdayjobs.com/en-US/SCR_Career_Staff/job/Lang-Art-Building/Facilities-Systems-Coordinator_REQ-6856,https://theclaremontcolleges.wd1.myworkdayjobs.com/SCR_Career_Staff,SCR_Career,Lang Art Building,Full time,Posted 30+ Days Ago,REQ-6856,09:25:19,Fri
2025-03-14,Writing Associate,https://theclaremontcolleges.wd1.myworkdayjobs.com/en-US/SCR_Career_Staff/job/Balch-Hall/Writing-Associate_REQ-7073-1,https://theclaremontcolleges.wd1.myworkdayjobs.com/SCR_Career_Staff,SCR_Career,Balch Hall,Part time,Posted 30+ Days Ago,REQ-7073,09:25:19,Fri
2025-03-14,Assistant Dean & Director of SCORE,https://theclaremontcolleges.wd1.myworkdayjobs.com/en-US/SCR_Career_Staff/job/Routt-and-Frankel-Halls---LC32004/Assistant-Dean---Director-of-SCORE_REQ-7059,https://theclaremontcolleges.wd1.myworkdayjobs.com/SCR_Career_Staff,SCR_Career,Routt and Frankel Halls - LC32004,Full time,Posted 30+ Days Ago,REQ-7059,09:25:19,Fri
2025-03-14,"Assistant Dean & Director of Accommodations, Academic Resources & Services",https://theclaremontcolleges.wd1.myworkdayjobs.com/en-US/SCR_Career_Staff/job/Balch-Hall/Assistant-Dean---Director-of-Accommodations--Academic-Resources---Services_REQ-7055,https://theclaremontcolleges.wd1.myworkdayjobs.com/SCR_Career_Staff,SCR_Career,Balch Hall,Full time,Posted 30+ Days Ago,REQ-7055,09:25:19,Fri
2025-03-14,Group Fitness Instructor,https://theclaremontcolleges.wd1.myworkdayjobs.com/en-US/SCR_Career_Staff/job/Tiernan-Field-House/Group-Fitness-Instructor_REQ-6974,https://theclaremontcolleges.wd1.myworkdayjobs.com/SCR_Career_Staff,SCR_Career,Tiernan Field House,Part time,Posted 30+ Days Ago,REQ-6974,09:25:19,Fri
2025-03-14,Systems Integration Specialist,https://theclaremontcolleges.wd1.myworkdayjobs.com/en-US/SCR_Career_Staff/job/Steele-Hall/Systems-Integration-Specialist_REQ-7007,https://theclaremontcolleges.wd1.myworkdayjobs.com/SCR_Career_Staff,SCR_Career,Steele Hall,Full time,Posted 30+ Days Ago,REQ-7007,09:25:19,Fri
2025-03-14,Graduate Research Assistant,https://theclaremontcolleges.wd1.myworkdayjobs.com/en-US/SCR_Career_Staff/job/SCR-Department-of-Natural-Sciences/Graduate-Research-Assistant_REQ-6994,https://theclaremontcolleges.wd1.myworkdayjobs.com/SCR_Career_Staff,SCR_Career,SCR-Department of Natural Sciences,Full time,Posted 30+ Days Ago,REQ-6994,09:25:19,Fri
2025-03-14,Director of Development and Major Gifts,https://theclaremontcolleges.wd1.myworkdayjobs.com/en-US/SCR_Career_Staff/job/Steele-Hall/Director-of-Development-and-Major-Gifts_REQ-6976,https://theclaremontcolleges.wd1.myworkdayjobs.com/SCR_Career_Staff,SCR_Career,Steele Hall,Full time,Posted 30+ Days Ago,REQ-6976,09:25:20,Fri
2025-03-14,Kitchen Support Staff,https://theclaremontcolleges.wd1.myworkdayjobs.com/en-US/SCR_Career_Staff/job/Malott-Kitchens---LC32009/Kitchen-Support-Staff_REQ-6793,https://theclaremontcolleges.wd1.myworkdayjobs.com/SCR_Career_Staff,SCR_Career,Malott Kitchens - LC32009,Full time,Posted 30+ Days Ago,REQ-6793,09:25:20,Fri
2025-03-14,Planned Giving Specialist,https://theclaremontcolleges.wd1.myworkdayjobs.com/en-US/CMC_Staff/job/Claremont/Planned-Giving-Specialist_REQ-7140,https://theclaremontcolleges.wd1.myworkdayjobs.com/CMC_Staff,CMC,Claremont,,Posted 10 Days Ago,REQ-7140,09:25:25,Fri
2025-03-14,Environmental/Chemical Health Officer,https://theclaremontcolleges.wd1.myworkdayjobs.com/en-US/CMC_Staff/job/Claremont/Environmental-Chemical-Health-Officer_REQ-7134,https://theclaremontcolleges.wd1.myworkdayjobs.com/CMC_Staff,CMC,Claremont,,Posted 18 Days Ago,REQ-7134,09:25:28,Fri
2025-03-14,Robert Day Sciences Center Building Manager,https://theclaremontcolleges.wd1.myworkdayjobs.com/en-US/CMC_Staff/job/Claremont/Robert-Day-Sciences-Center-Building-Manager_REQ-7129,https://theclaremontcolleges.wd1.myworkdayjobs.com/CMC_Staff,CMC,Claremont,,Posted 22 Days Ago,REQ-7129,09:25:31,Fri
2025-03-14,"Associate Vice President, Chief Strategic Communications and Marketing Officer",https://theclaremontcolleges.wd1.myworkdayjobs.com/en-US/CMC_Staff/job/Claremont/Associate-Vice-President--Chief-Strategic-Communications-and-Marketing-Officer_REQ-7112,https://theclaremontcolleges.wd1.myworkdayjobs.com/CMC_Staff,CMC,Claremont,,Posted 28 Days Ago,REQ-7112,09:25:34,Fri
2025-03-14,"Associate Director of Career Services, Integrated Sciences",https://theclaremontcolleges.wd1.myworkdayjobs.com/en-US/CMC_Staff/job/Claremont/Associate-Director--Integrated-Sciences_REQ-7045,https://theclaremontcolleges.wd1.myworkdayjobs.com/CMC_Staff,CMC,Claremont,,Posted 30+ Days Ago,REQ-7045,09:25:37,Fri
2025-03-14,Assistant Vice President for Civil Rights,https://theclaremontcolleges.wd1.myworkdayjobs.com/en-US/CMC_Staff/job/Claremont/Assistant-Vice-President-for-Civil-Rights_REQ-6860,https://theclaremontcolleges.wd1.myworkdayjobs.com/CMC_Staff,CMC,Claremont,,Posted 30+ Days Ago,REQ-6860,09:25:40,Fri
2025-03-14,Assistant Vice President for Human Resources,https://theclaremontcolleges.wd1.myworkdayjobs.com/en-US/CMC_Staff/job/Claremont/Senior-Director-of-Human-Resources_REQ-6562,https://theclaremontcolleges.wd1.myworkdayjobs.com/CMC_Staff,CMC,Claremont,,Posted 30+ Days Ago,REQ-6562,09:25:44,Fri
2025-03-14,Solutions Consultant II,https://theclaremontcolleges.wd1.myworkdayjobs.com/en-US/CMC_Staff/job/Claremont/Solutions-Consultant-II_REQ-6529,https://theclaremontcolleges.wd1.myworkdayjobs.com/CMC_Staff,CMC,Claremont,,Posted 30+ Days Ago,REQ-6529,09:25:47,Fri
2025-03-14,Senior Programmer Integrator III,https://theclaremontcolleges.wd1.myworkdayjobs.com/en-US/CMC_Staff/job/Claremont/Senior-Programmer-Integrator-III_REQ-6528,https://theclaremontcolleges.wd1.myworkdayjobs.com/CMC_Staff,CMC,Claremont,,Posted 30+ Days Ago,REQ-6528,09:25:50,Fri
2025-03-14,"Associate Director of Annual Giving, Leadership Societies",https://theclaremontcolleges.wd1.myworkdayjobs.com/en-US/CMC_Staff/job/400-Claremont-Blvd---LC40034/Associate-Director-of-Annual-Giving--Leadership-Societies_REQ-6062-1,https://theclaremontcolleges.wd1.myworkdayjobs.com/CMC_Staff,CMC,400 Claremont Blvd - LC40034,,Posted 30+ Days Ago,REQ-6062,09:25:53,Fri
2025-03-14,Director of the Marian Miner Cook Athenaeum,https://theclaremontcolleges.wd1.myworkdayjobs.com/en-US/CMC_Staff/job/Claremont/Director--Marian-Miner-Cook-Athenaeum_REQ-6299,https://theclaremontcolleges.wd1.myworkdayjobs.com/CMC_Staff,CMC,Claremont,,Posted 30+ Days Ago,REQ-6299,09:25:56,Fri
2025-03-14,Director of Annual Giving,https://theclaremontcolleges.wd1.myworkdayjobs.com/en-US/PIT_Staff/job/Broad-Center/Director-of-Annual-Giving-and-Leadership_REQ-5365,https://theclaremontcolleges.wd1.myworkdayjobs.com/PIT_Staff,PIT,Broad Center,Full time,Posted Yesterday,REQ-5365,09:25:58,Fri
2025-03-14,Major Gift Officer,https://theclaremontcolleges.wd1.myworkdayjobs.com/en-US/PIT_Staff/job/Broad-Center/Major-Gifts-Officer_REQ-5974,https://theclaremontcolleges.wd1.myworkdayjobs.com/PIT_Staff,PIT,Broad Center,Full time,Posted Yesterday,REQ-5974,09:25:58,Fri
2025-03-14,Director of Alumni Programs,https://theclaremontcolleges.wd1.myworkdayjobs.com/en-US/PIT_Staff/job/Broad-Center/Director-of-Alumni-Programs_REQ-6990,https://theclaremontcolleges.wd1.myworkdayjobs.com/PIT_Staff,PIT,Broad Center,Full time,Posted 4 Days Ago,REQ-6990,09:25:58,Fri
2025-03-14,Temporary Student Support Case Manager,https://theclaremontcolleges.wd1.myworkdayjobs.com/en-US/PIT_Staff/job/Scott-Hall/Temporary-Student-Support-Case-Manager_REQ-7161,https://theclaremontcolleges.wd1.myworkdayjobs.com/PIT_Staff,PIT,Scott Hall,Part time,Posted 7 Days Ago,REQ-7161,09:25:58,Fri
2025-03-14,"Associate Director /Director of Disability, Access, and Success",https://theclaremontcolleges.wd1.myworkdayjobs.com/en-US/PIT_Staff/job/Scott-Hall/Director-of-Disability--Access--and-Success_REQ-7135,https://theclaremontcolleges.wd1.myworkdayjobs.com/PIT_Staff,PIT,Scott Hall,Full time,Posted 21 Days Ago,REQ-7135,09:25:58,Fri
2025-03-14,Vice President for Communications and Marketing,https://theclaremontcolleges.wd1.myworkdayjobs.com/en-US/PIT_Staff/job/Mead-Hall/Vice-President-for-Communications-and-Marketing_REQ-7061,https://theclaremontcolleges.wd1.myworkdayjobs.com/PIT_Staff,PIT,Mead Hall,Full time,Posted 30+ Days Ago,REQ-7061,09:25:58,Fri
2025-03-14,"Intellectual Property Strategy, (Adjunct Pool), Henry E. Riggs School of Applied Life Sciences",https://theclaremontcolleges.wd1.myworkdayjobs.com/en-US/KGI_Careers/job/Building-535/Intellectual-Property-Strategy---Adjunct-Pool---Henry-E-Riggs-School-of-Applied-Life-Sciences_REQ-6022,https://theclaremontcolleges.wd1.myworkdayjobs.com/en-US/KGI_Careers,KGI,Building: 535,Part time,Posted 15 Days Ago,REQ-6022,09:26:00,Fri
2025-03-14,"Professor of Practice, Regulatory Affairs, Henry E. Riggs School of Applied Life Sciences",https://theclaremontcolleges.wd1.myworkdayjobs.com/en-US/KGI_Careers/job/Building-535/Professor-of-Practice--Regulatory-Affairs--Henry-E-Riggs-School-of-Applied-Life-Sciences_REQ-5150,https://theclaremontcolleges.wd1.myworkdayjobs.com/en-US/KGI_Careers,KGI,Building: 535,Part time,Posted 16 Days Ago,REQ-5150,09:26:00,Fri
2025-03-14,"Biocon - Fermentation Principles (Adjunct Pool), Henry E. Riggs School of Applied Life Sciences",https://theclaremontcolleges.wd1.myworkdayjobs.com/en-US/KGI_Careers/job/Building-535/Biocon---Fermentation-Principles--Adjunct-Pool---Henry-E-Riggs-School-of-Applied-Life-Sciences_REQ-5126,https://theclaremontcolleges.wd1.myworkdayjobs.com/en-US/KGI_Careers,KGI,Building: 535,Part time,Posted 16 Days Ago,REQ-5126,09:26:00,Fri
2025-03-14,"Academic Fieldwork Coordinator and Assistant Professor, Occupational Therapy",https://theclaremontcolleges.wd1.myworkdayjobs.com/en-US/KGI_Careers/job/215-York-Building---LC72000/Academic-Fieldwork-Coordinator-and-Assistant-Professor--Occupational-Therapy_REQ-6474,https://theclaremontcolleges.wd1.myworkdayjobs.com/en-US/KGI_Careers,KGI,215 York Building - LC72000,Full time,Posted 16 Days Ago,REQ-6474,09:26:00,Fri
2025-03-14,"Administrative Coordinator, Office of Experiential Education",https://theclaremontcolleges.wd1.myworkdayjobs.com/en-US/KGI_Careers/job/Building-535/Administrative-Coordinator--Office-of-Experiential-Education_REQ-6808,https://theclaremontcolleges.wd1.myworkdayjobs.com/en-US/KGI_Careers,KGI,Building: 535,Full time,Posted 16 Days Ago,REQ-6808,09:26:01,Fri
2025-03-14,"Administrative Coordinator, MS and MCHA Programs",https://theclaremontcolleges.wd1.myworkdayjobs.com/en-US/KGI_Careers/job/Building-535/Administrative-Coordinator--MS-and-MCHA-Programs_REQ-7022,https://theclaremontcolleges.wd1.myworkdayjobs.com/en-US/KGI_Careers,KGI,Building: 535,Full time,Posted 16 Days Ago,REQ-7022,09:26:01,Fri
2025-03-14,"Assistant, Associate, or Full Professor of Occupational Therapy",https://theclaremontcolleges.wd1.myworkdayjobs.com/en-US/KGI_Careers/job/Building-517/Assistant--Associate--or-Full-Professor-of-Occupational-Therapy_REQ-7108,https://theclaremontcolleges.wd1.myworkdayjobs.com/en-US/KGI_Careers,KGI,Building: 517,Full time,Posted 16 Days Ago,REQ-7108,09:26:01,Fri
2025-03-14,Assistant Director of Admissions,https://theclaremontcolleges.wd1.myworkdayjobs.com/en-US/KGI_Careers/job/555-Arrow-Building---LC73000/Assistant-Director-of-Admissions_REQ-7105,https://theclaremontcolleges.wd1.myworkdayjobs.com/en-US/KGI_Careers,KGI,555 Arrow Building - LC73000,Full time,Posted 16 Days Ago,REQ-7105,09:26:01,Fri
2025-03-14,"Assistant Professor (Principal Faculty), Master of Science in Physician Associate Studies (MSPA) Program",https://theclaremontcolleges.wd1.myworkdayjobs.com/en-US/KGI_Careers/job/555-Arrow-Building---LC73000/Assistant-Professor--Principal-Faculty---Master-of-Science-in-Physician-Associate-Studies--MSPA--Program_REQ-7111,https://theclaremontcolleges.wd1.myworkdayjobs.com/en-US/KGI_Careers,KGI,555 Arrow Building - LC73000,Full time,Posted 16 Days Ago,REQ-7111,09:26:01,Fri
2025-03-14,Assistant Vice President and Legal Counsel,https://theclaremontcolleges.wd1.myworkdayjobs.com/en-US/KGI_Careers/job/Building-535/Assistant-Vice-President-and-Legal-Counsel_REQ-7072,https://theclaremontcolleges.wd1.myworkdayjobs.com/en-US/KGI_Careers,KGI,Building: 535,Full time,Posted 16 Days Ago,REQ-7072,09:26:01,Fri
2025-03-14,"Dean, School of Health Sciences",https://theclaremontcolleges.wd1.myworkdayjobs.com/en-US/KGI_Careers/job/Building-517/Dean--School-of-Health-Sciences_REQ-7037,https://theclaremontcolleges.wd1.myworkdayjobs.com/en-US/KGI_Careers,KGI,Building: 517,Full time,Posted 16 Days Ago,REQ-7037,09:26:01,Fri
2025-03-14,"Adjunct Faculty, Occupational Therapy Doctorate Program",https://theclaremontcolleges.wd1.myworkdayjobs.com/en-US/KGI_Careers/job/215-York-Building---LC72000/Adjunct-Faculty--Occupational-Therapy-Doctorate-Program_REQ-5762,https://theclaremontcolleges.wd1.myworkdayjobs.com/en-US/KGI_Careers,KGI,215 York Building - LC72000,Part time,Posted 16 Days Ago,REQ-5762,09:26:01,Fri
2025-03-14,"Assistant Professor of Medical Devices and Diagnostics, Henry E. Riggs School of Applied Life Sciences",https://theclaremontcolleges.wd1.myworkdayjobs.com/en-US/KGI_Careers/job/Building-517/Assistant-Professor-of-Medical-Devices-and-Diagnostics--Henry-E-Riggs-School-of-Applied-Life-Sciences_REQ-6212,https://theclaremontcolleges.wd1.myworkdayjobs.com/en-US/KGI_Careers,KGI,Building: 517,Full time,Posted 17 Days Ago,REQ-6212,09:26:01,Fri
2025-03-14,"Assistant/Associate Professor and Program Director, Human Genetics and Genetic Counseling Program",https://theclaremontcolleges.wd1.myworkdayjobs.com/en-US/KGI_Careers/job/Building-535/Assistant-Associate-Professor-and-Program-Director--Human-Genetics-and-Genetic-Counseling-Program_REQ-6825,https://theclaremontcolleges.wd1.myworkdayjobs.com/en-US/KGI_Careers,KGI,Building: 535,Full time,Posted 17 Days Ago,REQ-6825,09:26:01,Fri
2025-03-14,"Biocon Pharmaceutical Development (Adjunct Pool), Henry E. Riggs School of Applied Life Sciences",https://theclaremontcolleges.wd1.myworkdayjobs.com/en-US/KGI_Careers/job/Building-535/Biocon-Pharmaceutical-Development--Adjunct-Pool---Henry-E-Riggs-School-of-Applied-Life-Sciences_REQ-6940,https://theclaremontcolleges.wd1.myworkdayjobs.com/en-US/KGI_Careers,KGI,Building: 535,Part time,Posted 17 Days Ago,REQ-6940,09:26:01,Fri
2025-03-14,"Bioprocessing for Emerging Therapeutics, (Adjunct Pool), Henry E. Riggs School of Applied Life Sciences",https://theclaremontcolleges.wd1.myworkdayjobs.com/en-US/KGI_Careers/job/Building-535/Bioprocessing-for-Emerging-Therapeutics---Adjunct-Pool---Henry-E-Riggs-School-of-Applied-Life-Sciences_REQ-6962,https://theclaremontcolleges.wd1.myworkdayjobs.com/en-US/KGI_Careers,KGI,Building: 535,Part time,Posted 17 Days Ago,REQ-6962,09:26:01,Fri
2025-03-14,"Biotechnology Entrepreneurship, (Adjunct Pool), Henry E. Riggs School of Applied Life Sciences",https://theclaremontcolleges.wd1.myworkdayjobs.com/en-US/KGI_Careers/job/Building-535/Biotechnology-Entrepreneurship---Adjunct-Pool---Henry-E-Riggs-School-of-Applied-Life-Sciences_REQ-6944,https://theclaremontcolleges.wd1.myworkdayjobs.com/en-US/KGI_Careers,KGI,Building: 535,Part time,Posted 17 Days Ago,REQ-6944,09:26:01,Fri
2025-03-14,International Student Advisor,https://theclaremontcolleges.wd1.myworkdayjobs.com/en-US/KGI_Careers/job/555-Arrow-Building---LC73000/International-Student-Advisor_REQ-6983,https://theclaremontcolleges.wd1.myworkdayjobs.com/en-US/KGI_Careers,KGI,555 Arrow Building - LC73000,Full time,Posted 17 Days Ago,REQ-6983,09:26:01,Fri
2025-03-14,"Occupational Therapist Professor (Assistant, Associate, or Full) Assistive Technology, Advocacy, Leadership, and Community-Based Practice",https://theclaremontcolleges.wd1.myworkdayjobs.com/en-US/KGI_Careers/job/Building-535/Occupational-Therapist-Professor--Assistant--Associate--or-Full--Assistive-Technology-and-Community-Based-Practice_REQ-5324,https://theclaremontcolleges.wd1.myworkdayjobs.com/en-US/KGI_Careers,KGI,Building: 535,Full time,Posted 17 Days Ago,REQ-5324,09:26:01,Fri
2025-03-14,"Adjunct Faculty, Master of Science in Human Genetics and Genetic Counseling and Master of Science in Human Genetics and Genomic Data Analysis",https://theclaremontcolleges.wd1.myworkdayjobs.com/en-US/KGI_Careers/job/Building-535/Adjunct-Faculty--Master-of-Science-in-Human-Genetics-and-Genetic-Counseling-and-Master-of-Science-in-Human-Genetics-and-Genomic-Data-Analysis_REQ-6744,https://theclaremontcolleges.wd1.myworkdayjobs.com/en-US/KGI_Careers,KGI,Building: 535,Part time,Posted 17 Days Ago,REQ-6744,09:26:01,Fri
2025-03-14,"Community Health Challenges (Adjunct Pool), Henry E. Riggs School of Applied Life Sciences",https://theclaremontcolleges.wd1.myworkdayjobs.com/en-US/KGI_Careers/job/Building-535/Community-Health-Challenges--Adjunct-Pool---Henry-E-Riggs-School-of-Applied-Life-Sciences_REQ-6943,https://theclaremontcolleges.wd1.myworkdayjobs.com/en-US/KGI_Careers,KGI,Building: 535,Part time,Posted 17 Days Ago,REQ-6943,09:26:03,Fri
2025-03-14,Director of Development,https://theclaremontcolleges.wd1.myworkdayjobs.com/en-US/KGI_Careers/job/555-Arrow-Building---LC73000/Director-of-Development_REQ-6902,https://theclaremontcolleges.wd1.myworkdayjobs.com/en-US/KGI_Careers,KGI,555 Arrow Building - LC73000,Full time,Posted 17 Days Ago,REQ-6902,09:26:03,Fri
2025-03-14,"Molecular Biotechnology (Adjunct Pool), Henry E. Riggs School of Applied Life Sciences",https://theclaremontcolleges.wd1.myworkdayjobs.com/en-US/KGI_Careers/job/Building-535/Molecular-Biotechnology--Adjunct-Pool---Henry-E-Riggs-School-of-Applied-Life-Sciences_REQ-6941,https://theclaremontcolleges.wd1.myworkdayjobs.com/en-US/KGI_Careers,KGI,Building: 535,Part time,Posted 17 Days Ago,REQ-6941,09:26:03,Fri
2025-03-14,"Adjunct Faculty, Functional Genomics Henry E. Riggs School of Applied Life Sciences",https://theclaremontcolleges.wd1.myworkdayjobs.com/en-US/KGI_Careers/job/Building-535/Adjunct-Faculty--Functional-Genomics-Henry-E-Riggs-School-of-Applied-Life-Sciences_REQ-6517,https://theclaremontcolleges.wd1.myworkdayjobs.com/en-US/KGI_Careers,KGI,Building: 535,Part time,Posted 17 Days Ago,REQ-6517,09:26:03,Fri
2025-03-14,"Adjunct Faculty, Oncology",https://theclaremontcolleges.wd1.myworkdayjobs.com/en-US/KGI_Careers/job/Building-535/Adjunct-Faculty--Oncology_REQ-5885,https://theclaremontcolleges.wd1.myworkdayjobs.com/en-US/KGI_Careers,KGI,Building: 535,Part time,Posted 17 Days Ago,REQ-5885,09:26:03,Fri
2025-03-14,"Clinical Biostatistics (Adjunct Pool), Henry E. Riggs School of Applied Life Sciences",https://theclaremontcolleges.wd1.myworkdayjobs.com/en-US/KGI_Careers/job/Building-535/Clinical-Biostatistics--Adjunct-Pool---Henry-E-Riggs-School-of-Applied-Life-Sciences_REQ-6516,https://theclaremontcolleges.wd1.myworkdayjobs.com/en-US/KGI_Careers,KGI,Building: 535,Part time,Posted 17 Days Ago,REQ-6516,09:26:03,Fri
2025-03-14,"Director of Experiential Education, PharmD Program",https://theclaremontcolleges.wd1.myworkdayjobs.com/en-US/KGI_Careers/job/Building-535/Director-of-Experiential-Education--PharmD-Program_REQ-6807,https://theclaremontcolleges.wd1.myworkdayjobs.com/en-US/KGI_Careers,KGI,Building: 535,Full time,Posted 17 Days Ago,REQ-6807,09:26:03,Fri
2025-03-14,"Introduction to Bioprocessing, (Adjunct Pool), Henry E. Riggs School of Applied Life Sciences",https://theclaremontcolleges.wd1.myworkdayjobs.com/en-US/KGI_Careers/job/Building-535/Introduction-to-Bioprocessing---Adjunct-Pool---Henry-E-Riggs-School-of-Applied-Life-Sciences_REQ-6024,https://theclaremontcolleges.wd1.myworkdayjobs.com/en-US/KGI_Careers,KGI,Building: 535,Part time,Posted 17 Days Ago,REQ-6024,09:26:03,Fri
2025-03-14,"Leadership in Organizations, (Adjunct Pool), Henry E. Riggs School of Applied Life Sciences",https://theclaremontcolleges.wd1.myworkdayjobs.com/en-US/KGI_Careers/job/Building-535/Leadership-in-Organizations---Adjunct-Pool---Henry-E-Riggs-School-of-Applied-Life-Sciences_REQ-6473,https://theclaremontcolleges.wd1.myworkdayjobs.com/en-US/KGI_Careers,KGI,Building: 535,Part time,Posted 17 Days Ago,REQ-6473,09:26:03,Fri
2025-03-14,"Adjunct Faculty, Advanced Regulatory Topics for Biologics, Henry E. Riggs School of Applied Life Sciences",https://theclaremontcolleges.wd1.myworkdayjobs.com/en-US/KGI_Careers/job/Building-535/Adjunct-Faculty--Advanced-Regulatory-Topics-for-Biologics--Henry-E-Riggs-School-of-Applied-Life-Sciences_REQ-6146,https://theclaremontcolleges.wd1.myworkdayjobs.com/en-US/KGI_Careers,KGI,Building: 535,Part time,Posted 17 Days Ago,REQ-6146,09:26:03,Fri
2025-03-14,"Adjunct Faculty, Assistive Technology & Innovation Occupational Therapy Doctorate Program",https://theclaremontcolleges.wd1.myworkdayjobs.com/en-US/KGI_Careers/job/Building-517/Adjunct-Faculty--Assistive-Technology---Innovation---Occupational-Therapy-Doctorate-Program_REQ-6031,https://theclaremontcolleges.wd1.myworkdayjobs.com/en-US/KGI_Careers,KGI,Building: 517,Part time,Posted 17 Days Ago,REQ-6031,09:26:04,Fri
2025-03-14,"Clinical Genetics - Actionability and Genome Editing, (Adjunct Pool), Henry E. Riggs School of Applied Life Sciences",https://theclaremontcolleges.wd1.myworkdayjobs.com/en-US/KGI_Careers/job/Building-535/Clinical-Genetics---Actionability-and-Genome-Editing---Adjunct-Pool---Henry-E-Riggs-School-of-Applied-Life-Sciences_REQ-6023,https://theclaremontcolleges.wd1.myworkdayjobs.com/en-US/KGI_Careers,KGI,Building: 535,Part time,Posted 21 Days Ago,REQ-6023,09:26:04,Fri
2025-03-14,"Human Genetic Variation and Disease, (Adjunct Pool), Henry E. Riggs School of Applied Life Sciences",https://theclaremontcolleges.wd1.myworkdayjobs.com/en-US/KGI_Careers/job/Building-535/Human-Genetic-Variation-and-Disease---Adjunct-Pool---Henry-E-Riggs-School-of-Applied-Life-Sciences_REQ-5682,https://theclaremontcolleges.wd1.myworkdayjobs.com/en-US/KGI_Careers,KGI,Building: 535,Part time,Posted 21 Days Ago,REQ-5682,09:26:04,Fri
2025-03-14,"Infectious Diseases Epidemiology, (Adjunct Pool), Henry E. Riggs School of Applied Life Sciences",https://theclaremontcolleges.wd1.myworkdayjobs.com/en-US/KGI_Careers/job/Building-535/Infectious-Diseases-Epidemiology---Adjunct-Pool---Henry-E-Riggs-School-of-Applied-Life-Sciences_REQ-6026,https://theclaremontcolleges.wd1.myworkdayjobs.com/en-US/KGI_Careers,KGI,Building: 535,Part time,Posted 21 Days Ago,REQ-6026,09:26:04,Fri
2025-03-14,"International Business, (Adjunct Pool), Henry E. Riggs School of Applied Life Sciences",https://theclaremontcolleges.wd1.myworkdayjobs.com/en-US/KGI_Careers/job/Building-535/International-Business---Adjunct-Pool---Henry-E-Riggs-School-of-Applied-Life-Sciences_REQ-5684,https://theclaremontcolleges.wd1.myworkdayjobs.com/en-US/KGI_Careers,KGI,Building: 535,Part time,Posted 21 Days Ago,REQ-5684,09:26:04,Fri
2025-03-14,"Variant Interpretation, (Adjunct Pool), Henry E. Riggs School of Applied Life Sciences",https://theclaremontcolleges.wd1.myworkdayjobs.com/en-US/KGI_Careers/job/Building-535/Variant-Interpretation---Adjunct-Pool---Henry-E-Riggs-School-of-Applied-Life-Sciences_REQ-5683,https://theclaremontcolleges.wd1.myworkdayjobs.com/en-US/KGI_Careers,KGI,Building: 535,Part time,Posted 21 Days Ago,REQ-5683,09:26:04,Fri
2025-03-14,"Adjunct Faculty, Neuroscience, Occupational Therapy Doctorate Program",https://theclaremontcolleges.wd1.myworkdayjobs.com/en-US/KGI_Careers/job/Building-517/Adjunct-Faculty--Neuroscience--Occupational-Therapy-Doctorate-Program_REQ-6030,https://theclaremontcolleges.wd1.myworkdayjobs.com/en-US/KGI_Careers,KGI,Building: 517,Part time,Posted 21 Days Ago,REQ-6030,09:26:04,Fri
2025-03-14,"Biocon - Introduction to US FDA and European Laws and Regulations (Adjunct), Henry E. Riggs School of Applied Life Sciences",https://theclaremontcolleges.wd1.myworkdayjobs.com/en-US/KGI_Careers/job/Building-535/Biocon---Introduction-to-US-FDA-and-European-Laws-and-Regulations-Biocon-Bioseparations-Engineering-and-Science--Adjunct-Pool---Henry-E-Riggs-School-of-Applied-Life-Sciences_REQ-5127,https://theclaremontcolleges.wd1.myworkdayjobs.com/en-US/KGI_Careers,KGI,Building: 535,Part time,Posted 21 Days Ago,REQ-5127,09:26:04,Fri
2025-03-14,"Biocon Mammalian Cell Biotechnology (Adjunct Pool), Henry E. Riggs School of Applied Life Sciences",https://theclaremontcolleges.wd1.myworkdayjobs.com/en-US/KGI_Careers/job/Building-535/Biocon-Mammalian-Cell-Biotechnology--Adjunct-Pool---Henry-E-Riggs-School-of-Applied-Life-Sciences_REQ-5050,https://theclaremontcolleges.wd1.myworkdayjobs.com/en-US/KGI_Careers,KGI,Building: 535,Part time,Posted 21 Days Ago,REQ-5050,09:26:04,Fri
2025-03-14,"Adjunct Faculty, Lifestyle Medicine and Research Occupational Therapy Doctorate Program",https://theclaremontcolleges.wd1.myworkdayjobs.com/en-US/KGI_Careers/job/Building-517/Adjunct-Faculty--Lifestyle-Medicine-and-Research-Occupational-Therapy-Doctorate-Program_REQ-6032,https://theclaremontcolleges.wd1.myworkdayjobs.com/en-US/KGI_Careers,KGI,Building: 517,Part time,Posted 21 Days Ago,REQ-6032,09:26:04,Fri
2025-03-14,"Adjunct Faculty (Biocon Biopharmaceutical Quality Assurance and Control), Henry E. Riggs School of Applied Life Sciences",https://theclaremontcolleges.wd1.myworkdayjobs.com/en-US/KGI_Careers/job/Building-535/Adjunct-Faculty--Biopharmaceutical-Quality-Assurance-and-Control---Henry-E-Riggs-School-of-Applied-Life-Sciences_REQ-4744,https://theclaremontcolleges.wd1.myworkdayjobs.com/en-US/KGI_Careers,KGI,Building: 535,Part time,Posted 21 Days Ago,REQ-4744,09:26:06,Fri
2025-03-14,Graduate Assistant,https://theclaremontcolleges.wd1.myworkdayjobs.com/en-US/POM_Careers/job/Claremont/Graduate-Assistant_REQ-7154,https://theclaremontcolleges.wd1.myworkdayjobs.com/POM_Careers,POM,,,,,09:26:19,Fri
2025-03-14,"Interim Associate Director, Campus Events",https://theclaremontcolleges.wd1.myworkdayjobs.com/en-US/POM_Careers/job/Claremont/Interim-Associate-Director--Campus-Events_REQ-7162,https://theclaremontcolleges.wd1.myworkdayjobs.com/POM_Careers,POM,,,,,09:26:31,Fri
2025-03-14,Integration and Systems Developer,https://theclaremontcolleges.wd1.myworkdayjobs.com/en-US/POM_Careers/job/Claremont/Integration-and-Systems-Developer_REQ-7160,https://theclaremontcolleges.wd1.myworkdayjobs.com/POM_Careers,POM,,,,,09:26:43,Fri
2025-03-14,Investment Operations Analyst,https://theclaremontcolleges.wd1.myworkdayjobs.com/en-US/POM_Careers/job/Claremont/Investment-Operations-Analyst_REQ-7151,https://theclaremontcolleges.wd1.myworkdayjobs.com/POM_Careers,POM,,,,,09:26:56,Fri
2025-03-14,"Post-Baccalaureate Fellow, Educational Outreach",https://theclaremontcolleges.wd1.myworkdayjobs.com/en-US/POM_Careers/job/Claremont/Post-Baccalaureate-Fellow--Educational-Outreach_REQ-7148,https://theclaremontcolleges.wd1.myworkdayjobs.com/POM_Careers,POM,,,,,09:27:08,Fri
2025-03-14,Proposal Writer,https://theclaremontcolleges.wd1.myworkdayjobs.com/en-US/POM_Careers/job/First-Street-Building---LC00102/Proposal-Writer_REQ-7145,https://theclaremontcolleges.wd1.myworkdayjobs.com/POM_Careers,POM,,,,,09:27:20,Fri
2025-03-14,"Graduate Assistant, Mellon Mays Undergraduate Fellowship Program",https://theclaremontcolleges.wd1.myworkdayjobs.com/en-US/POM_Careers/job/Claremont/Graduate-Assistant--Mellon-Mays-Undergraduate-Fellowship-Program_REQ-6970,https://theclaremontcolleges.wd1.myworkdayjobs.com/POM_Careers,POM,,,,,09:27:32,Fri
2025-03-14,"Administrative Coordinator, Career Development Office",https://theclaremontcolleges.wd1.myworkdayjobs.com/en-US/POM_Careers/job/Claremont/Administrative-Coordinator--Career-Development-Office_REQ-7114,https://theclaremontcolleges.wd1.myworkdayjobs.com/POM_Careers,POM,,,,,09:27:44,Fri
2025-03-14,"Sr. Lab Technician, Physics & Astronomy",https://theclaremontcolleges.wd1.myworkdayjobs.com/en-US/POM_Careers/job/Claremont/Sr-Lab-Technician--Physics---Astronomy_REQ-6972,https://theclaremontcolleges.wd1.myworkdayjobs.com/POM_Careers,POM,,,,,09:27:57,Fri
2025-03-14,Wellness Program Coordinator (Temporary),https://theclaremontcolleges.wd1.myworkdayjobs.com/en-US/POM_Careers/job/Claremont/Wellness-Program-Coordinator_REQ-7092,https://theclaremontcolleges.wd1.myworkdayjobs.com/POM_Careers,POM,,,,,09:28:09,Fri
2025-03-14,"Post Baccalaureate Fellow, Community Engagement",https://theclaremontcolleges.wd1.myworkdayjobs.com/en-US/POM_Careers/job/Claremont/Post-Baccalaureate-Fellow--Community-Engagement_REQ-7069-1,https://theclaremontcolleges.wd1.myworkdayjobs.com/POM_Careers,POM,,,,,09:28:21,Fri
2025-03-14,"Assistant Coach, Men's and Women's Track & Field - Pole Vault",https://theclaremontcolleges.wd1.myworkdayjobs.com/en-US/POM_Careers/job/Claremont/Assistant-Coach--Men-s-and-Women-s-Track---Field---Pole-Vault_REQ-6927,https://theclaremontcolleges.wd1.myworkdayjobs.com/POM_Careers,POM,,,,,09:28:33,Fri
2025-03-14,"Assistant Coach, Men's and Women's Track & Field-Throws",https://theclaremontcolleges.wd1.myworkdayjobs.com/en-US/POM_Careers/job/Claremont/Assistant-Coach--Men-s-and-Women-s-Track---Field-Throws_REQ-6926,https://theclaremontcolleges.wd1.myworkdayjobs.com/POM_Careers,POM,,,,,09:28:45,Fri
